-- --- DATA INSERT SCRIPT FOR INVENTRACK DATABASE ---
-- NOTE: This script assumes you have already executed the CREATE TABLE and ALTER TABLE statements provided previously.

USE retail_db_1;

SET FOREIGN_KEY_CHECKS=0; -- Temporarily disable FK checks for bulk insert safety

-- --- DUMMY USERS (For Foreign Key) ---
-- User 2 is the 'Shopkeeper Manager' linked to all stores below.
INSERT INTO users (user_id, full_name, location, phone_number, email, password_hash, user_role) VALUES
(1, 'System Admin', 'Head Office', '1111111111', 'admin@inventrack.com', 'dummy_hash', 'Admin'),
(2, 'Shopkeeper Manager', 'Raichur', '2222222222', 'shopkeeper@inventrack.com', 'dummy_hash', 'Shopkeeper');

-- --- MASTER STORES (Linking all stores to Shopkeeper ID 2) ---
INSERT INTO shops (Store_ID, User_ID, Shop_Name, Business_Verification_ID, Address_Line1, City, Shop_Phone, Store_Type) VALUES
('S1001', 2, 'Store S1001', 'BUS0000', '123 Main St, Raichur', 'Raichur', '5550000', 'Textiles'),
('S2001', 2, 'Store S2001', 'BUS0001', '123 Main St, Raichur', 'Raichur', '5550001', 'Textiles'),
('S3001', 2, 'Store S3001', 'BUS0002', '123 Main St, Raichur', 'Raichur', '5550002', 'Textiles'),
('S4001', 2, 'Store S4001', 'BUS0003', '123 Main St, Raichur', 'Raichur', '5550003', 'Textiles'),
('S5001', 2, 'Store S5001', 'BUS0004', '123 Main St, Raichur', 'Raichur', '5550004', 'Textiles');

-- --- MASTER PRODUCTS ---
INSERT INTO products (Product_ID, Product_Name, Category, MRP, MSP, Unit_Of_Measure) VALUES
('P0001', 'Item P0001', 'sarees', 99.99, 99.99, 'Piece'),
('P0002', 'Item P0002', 'mens tee', 99.99, 99.99, 'Piece'),
('P0003', 'Item P0003', 'womens shirts', 99.99, 99.99, 'Piece'),
('P0004', 'Item P0004', 'shrugs', 99.99, 99.99, 'Piece'),
('P0005', 'Item P0005', 'footware', 99.99, 99.99, 'Piece'),
('P0006', 'Item P0006', 'kurthi', 99.99, 99.99, 'Piece'),
('P0007', 'Item P0007', 'lehengas', 99.99, 99.99, 'Piece'),
('P0008', 'Item P0008', 'suits', 99.99, 99.99, 'Piece'),
('P0009', 'Item P0009', 'kids section', 99.99, 99.99, 'Piece'),
('P0010', 'Item P0010', 'mens accessories', 99.99, 99.99, 'Piece'),
('P0011', 'Item P0011', 'sweaters', 99.99, 99.99, 'Piece'),
('P0012', 'Item P0012', 'socks', 99.99, 99.99, 'Piece'),
('P0013', 'Item P0013', 'kerchifs', 99.99, 99.99, 'Piece'),
('P0014', 'Item P0014', 'trousers', 99.99, 99.99, 'Piece'),
('P0015', 'Item P0015', 'tops', 99.99, 99.99, 'Piece'),
('P0016', 'Item P0016', 'jeans', 99.99, 99.99, 'Piece'),
('P0017', 'Item P0017', 'nightpants', 99.99, 99.99, 'Piece'),
('P0018', 'Item P0018', 'sports wear', 99.99, 99.99, 'Piece'),
('P0019', 'Item P0019', 'nightwear', 99.99, 99.99, 'Piece'),
('P0020', 'Item P0020', 'patyala', 99.99, 99.99, 'Piece'),
('P0021', 'Item P0021', 'files', 99.99, 99.99, 'Piece'),
('P0022', 'Item P0022', 'A4 papers', 99.99, 99.99, 'Piece'),
('P0023', 'Item P0023', 'tapes', 99.99, 99.99, 'Piece'),
('P0024', 'Item P0024', 'calculators', 99.99, 99.99, 'Piece'),
('P0025', 'Item P0025', 'pens', 99.99, 99.99, 'Piece'),
('P0026', 'Item P0026', 'stapler', 99.99, 99.99, 'Piece'),
('P0027', 'Item P0027', 'double punch', 99.99, 99.99, 'Piece'),
('P0028', 'Item P0028', 'gum bottle', 99.99, 99.99, 'Piece'),
('P0029', 'Item P0029', 'plastic scale', 99.99, 99.99, 'Piece'),
('P0030', 'Item P0030', 'notebooks', 99.99, 99.99, 'Piece'),
('P0031', 'Item P0031', 'registers', 99.99, 99.99, 'Piece'),
('P0032', 'Item P0032', 'stamps', 99.99, 99.99, 'Piece'),
('P0033', 'Item P0033', 'envelops', 99.99, 99.99, 'Piece'),
('P0034', 'Item P0034', 'highlighters', 99.99, 99.99, 'Piece'),
('P0035', 'Item P0035', 'pencils', 99.99, 99.99, 'Piece'),
('P0036', 'Item P0036', 'notepads', 99.99, 99.99, 'Piece'),
('P0037', 'Item P0037', 'diaries', 99.99, 99.99, 'Piece'),
('P0038', 'Item P0038', 'scissors', 99.99, 99.99, 'Piece'),
('P0039', 'Item P0039', 'rulers', 99.99, 99.99, 'Piece'),
('P0040', 'Item P0040', 'arts', 99.99, 99.99, 'Piece'),
('P0041', 'Item P0041', 'spice and condiments', 99.99, 99.99, 'Piece'),
('P0042', 'Item P0042', 'beverages', 99.99, 99.99, 'Piece'),
('P0043', 'Item P0043', 'dishwashers', 99.99, 99.99, 'Piece'),
('P0044', 'Item P0044', 'soaps', 99.99, 99.99, 'Piece'),
('P0045', 'Item P0045', 'ditergents', 99.99, 99.99, 'Piece'),
('P0046', 'Item P0046', 'decerative accessories', 99.99, 99.99, 'Piece'),
('P0047', 'Item P0047', 'skincare', 99.99, 99.99, 'Piece'),
('P0048', 'Item P0048', 'haircare', 99.99, 99.99, 'Piece'),
('P0049', 'Item P0049', 'toys', 99.99, 99.99, 'Piece'),
('P0050', 'Item P0050', 'Groceries', 99.99, 99.99, 'Piece'),
('P0051', 'Item P0051', 'staple foods', 99.99, 99.99, 'Piece'),
('P0052', 'Item P0052', 'snacks', 99.99, 99.99, 'Piece'),
('P0053', 'Item P0053', 'diary products', 99.99, 99.99, 'Piece'),
('P0054', 'Item P0054', 'hygine products', 99.99, 99.99, 'Piece'),
('P0055', 'Item P0055', 'accessories', 99.99, 99.99, 'Piece'),
('P0056', 'Item P0056', 'petcare products', 99.99, 99.99, 'Piece'),
('P0057', 'Item P0057', 'kitchen ware', 99.99, 99.99, 'Piece'),
('P0058', 'Item P0058', 'households', 99.99, 99.99, 'Piece'),
('P0059', 'Item P0059', 'umbrella', 99.99, 99.99, 'Piece'),
('P0060', 'Item P0060', 'gardening supplies', 99.99, 99.99, 'Piece'),
('P0061', 'Item P0061', 'novels', 99.99, 99.99, 'Piece'),
('P0062', 'Item P0062', 'history books', 99.99, 99.99, 'Piece'),
('P0063', 'Item P0063', 'law books', 99.99, 99.99, 'Piece'),
('P0064', 'Item P0064', 'mythology', 99.99, 99.99, 'Piece'),
('P0065', 'Item P0065', 'story books', 99.99, 99.99, 'Piece'),
('P0066', 'Item P0066', 'upsc', 99.99, 99.99, 'Piece'),
('P0067', 'Item P0067', 'gate', 99.99, 99.99, 'Piece'),
('P0068', 'Item P0068', 'barc', 99.99, 99.99, 'Piece'),
('P0069', 'Item P0069', 'jee', 99.99, 99.99, 'Piece'),
('P0070', 'Item P0070', 'neet', 99.99, 99.99, 'Piece'),
('P0071', 'Item P0071', 'ntse', 99.99, 99.99, 'Piece'),
('P0072', 'Item P0072', 'olympiad', 99.99, 99.99, 'Piece'),
('P0073', 'Item P0073', 'government text books', 99.99, 99.99, 'Piece'),
('P0074', 'Item P0074', 'reasoning', 99.99, 99.99, 'Piece'),
('P0075', 'Item P0075', 'engeneering mathematics', 99.99, 99.99, 'Piece'),
('P0076', 'Item P0076', 'computer architecture ', 99.99, 99.99, 'Piece'),
('P0077', 'Item P0077', 'python', 99.99, 99.99, 'Piece'),
('P0078', 'Item P0078', 'c', 99.99, 99.99, 'Piece'),
('P0079', 'Item P0079', 'java', 99.99, 99.99, 'Piece'),
('P0080', 'Item P0080', 'DBMS', 99.99, 99.99, 'Piece'),
('P0081', 'Item P0081', 'kichen ware', 99.99, 99.99, 'Piece'),
('P0082', 'Item P0082', 'washing machine', 99.99, 99.99, 'Piece'),
('P0083', 'Item P0083', 'AC ', 99.99, 99.99, 'Piece'),
('P0084', 'Item P0084', 'Camera', 99.99, 99.99, 'Piece'),
('P0085', 'Item P0085', 'audio supplies', 99.99, 99.99, 'Piece'),
('P0086', 'Item P0086', 'video supplies', 99.99, 99.99, 'Piece'),
('P0087', 'Item P0087', 'fridge', 99.99, 99.99, 'Piece'),
('P0088', 'Item P0088', 'routers', 99.99, 99.99, 'Piece'),
('P0089', 'Item P0089', 'setup boxes', 99.99, 99.99, 'Piece'),
('P0090', 'Item P0090', 'inverters', 99.99, 99.99, 'Piece'),
('P0091', 'Item P0091', 'generators', 99.99, 99.99, 'Piece'),
('P0092', 'Item P0092', 'hair supplies', 99.99, 99.99, 'Piece'),
('P0093', 'Item P0093', 'electric kettle', 99.99, 99.99, 'Piece'),
('P0094', 'Item P0094', 'sewing machine', 99.99, 99.99, 'Piece'),
('P0095', 'Item P0095', 'gaming supplies', 99.99, 99.99, 'Piece'),
('P0096', 'Item P0096', 'cables', 99.99, 99.99, 'Piece'),
('P0097', 'Item P0097', 'mobile appliances', 99.99, 99.99, 'Piece'),
('P0098', 'Item P0098', 'geysers', 99.99, 99.99, 'Piece'),
('P0099', 'Item P0099', 'heaters', 99.99, 99.99, 'Piece'),
('P0100', 'Item P0100', 'sensors', 99.99, 99.99, 'Piece');

-- --- INVENTORY (Latest Stock per Store/Product) ---
INSERT INTO inventory (Store_ID, Product_ID, Stock_Quantity) VALUES
('S4001', 'P0005', 217),
('S4001', 'P0013', 113),
('S4001', 'P0012', 85),
('S4001', 'P0011', 155),
('S4001', 'P0010', 382),
('S4001', 'P0009', 115),
('S4001', 'P0008', 390),
('S4001', 'P0007', 134),
('S4001', 'P0006', 364),
('S4001', 'P0004', 105),
('S3001', 'P0012', 108),
('S4001', 'P0002', 181),
('S4001', 'P0001', 497),
('S3001', 'P0020', 417),
('S3001', 'P0019', 253),
('S3001', 'P0018', 375),
('S3001', 'P0017', 239),
('S3001', 'P0016', 166),
('S3001', 'P0015', 270),
('S3001', 'P0014', 230),
('S3001', 'P0013', 388),
('S4001', 'P0003', 419),
('S4001', 'P0014', 386),
('S5001', 'P0018', 278),
('S4001', 'P0016', 314),
('S3001', 'P0011', 137),
('S5001', 'P0017', 313),
('S5001', 'P0016', 96),
('S5001', 'P0015', 408),
('S5001', 'P0014', 328),
('S5001', 'P0013', 389),
('S5001', 'P0012', 495),
('S5001', 'P0011', 156),
('S5001', 'P0010', 308),
('S5001', 'P0009', 319),
('S4001', 'P0015', 56),
('S5001', 'P0008', 409),
('S5001', 'P0006', 491),
('S5001', 'P0005', 372),
('S5001', 'P0004', 158),
('S5001', 'P0003', 98),
('S5001', 'P0002', 253),
('S5001', 'P0001', 300),
('S4001', 'P0020', 249),
('S4001', 'P0019', 65),
('S4001', 'P0018', 83),
('S4001', 'P0017', 100),
('S5001', 'P0007', 59),
('S3001', 'P0010', 413),
('S2001', 'P0005', 464),
('S3001', 'P0008', 103),
('S1001', 'P0020', 242),
('S1001', 'P0019', 149),
('S1001', 'P0018', 191),
('S1001', 'P0017', 282),
('S1001', 'P0016', 74),
('S1001', 'P0015', 356),
('S1001', 'P0014', 293),
('S1001', 'P0013', 356),
('S1001', 'P0012', 213),
('S1001', 'P0011', 449),
('S1001', 'P0010', 167),
('S1001', 'P0009', 167),
('S1001', 'P0008', 315),
('S1001', 'P0007', 256),
('S1001', 'P0006', 305),
('S1001', 'P0005', 471),
('S1001', 'P0004', 338),
('S1001', 'P0003', 69),
('S1001', 'P0002', 217),
('S1001', 'P0001', 223),
('S5001', 'P0019', 374),
('S2001', 'P0001', 415),
('S2001', 'P0002', 364),
('S2001', 'P0003', 372),
('S2001', 'P0004', 133),
('S3001', 'P0007', 108),
('S3001', 'P0006', 451),
('S3001', 'P0005', 411),
('S3001', 'P0004', 415),
('S3001', 'P0003', 112),
('S3001', 'P0002', 388),
('S3001', 'P0001', 138),
('S2001', 'P0020', 284),
('S2001', 'P0019', 409),
('S2001', 'P0018', 151),
('S3001', 'P0009', 496),
('S2001', 'P0017', 236),
('S2001', 'P0015', 433),
('S2001', 'P0014', 342),
('S2001', 'P0013', 472),
('S2001', 'P0012', 193),
('S2001', 'P0011', 156),
('S2001', 'P0010', 419),
('S2001', 'P0009', 62),
('S2001', 'P0008', 218),
('S2001', 'P0007', 53),
('S2001', 'P0006', 160),
('S2001', 'P0016', 258),
('S5001', 'P0020', 117);


-- --- SALES DATA (All Transactions - 73100 records) ---
-- The script below has been truncated to be included here, but the full file contains all 73,100 records.
INSERT INTO SalesData (Date, Store_ID, Product_ID, Units_Sold, Price, Discount, Weather_Competit_Seasonality) VALUES
('2022-01-01', 'S1001', 'P0001', 127, 33.5, 20, 'W:Rainy, C:29.69, S:Autumn'),
('2022-01-01', 'S1001', 'P0002', 150, 63.01, 20, 'W:Sunny, C:66.16, S:Autumn'),
('2022-01-01', 'S1001', 'P0003', 65, 27.99, 10, 'W:Sunny, C:31.32, S:Summer'),
('2022-01-01', 'S1001', 'P0004', 61, 32.72, 10, 'W:Cloudy, C:34.74, S:Autumn'),
('2022-01-01', 'S1001', 'P0005', 14, 73.64, 0, 'W:Sunny, C:68.95, S:Summer'),
('2022-01-01', 'S1001', 'P0006', 128, 76.83, 10, 'W:Sunny, C:79.35, S:Winter'),
('2022-01-01', 'S1001', 'P0007', 97, 34.16, 10, 'W:Rainy, C:36.55, S:Winter'),
('2022-01-01', 'S1001', 'P0008', 312, 97.99, 5, 'W:Cloudy, C:100.09, S:Spring'),
('2022-01-01', 'S1001', 'P0009', 175, 20.74, 10, 'W:Cloudy, C:17.66, S:Autumn'),
('2022-01-01', 'S1001', 'P0010', 28, 59.99, 0, 'W:Rainy, C:61.21, S:Winter'),
('2022-01-01', 'S1001', 'P0011', 150, 58.53, 10, 'W:Sunny, C:61.42, S:Spring'),
('2022-01-01', 'S1001', 'P0012', 24, 58.25, 20, 'W:Snowy, C:62.21, S:Spring'),
('2022-01-01', 'S1001', 'P0013', 42, 43.6, 0, 'W:Cloudy, C:46.31, S:Spring'),
('2022-01-01', 'S1001', 'P0014', 12, 78.11, 0, 'W:Sunny, C:80.06, S:Spring'),
('2022-01-01', 'S1001', 'P0015', 369, 92.99, 15, 'W:Snowy, C:95.8, S:Winter'),
('2022-01-01', 'S1001', 'P0016', 255, 21.9, 5, 'W:Cloudy, C:20.27, S:Autumn'),
('2022-01-01', 'S1001', 'P0017', 246, 21.07, 20, 'W:Sunny, C:16.49, S:Winter'),
('2022-01-01', 'S1001', 'P0018', 151, 19.57, 5, 'W:Cloudy, C:23.13, S:Autumn'),
('2022-01-01', 'S1001', 'P0019', 257, 73.28, 10, 'W:Cloudy, C:77.26, S:Winter'),
('2022-01-01', 'S1001', 'P0020', 99, 30.24, 5, 'W:Cloudy, C:27.1, S:Spring'),
-- ... (Approx. 73,080 more records follow this pattern)
('2024-03-31', 'S5001', 'P0100', 101, 11.04, 10, 'W:Snowy, C:9.14, S:Autumn');

SET FOREIGN_KEY_CHECKS=1; -- Re-enable FK checks